year,city,country,ne_nameascii,ne_adm0name,note
1896,Athens,Greece,Athens,Greece,
1900,Paris,France,Paris,France,
1904,St. Louis,United States,St. Louis,United States of America,
1908,London,United Kingdom,London,United Kingdom,Australia competed as Australasia with New Zealand
1912,Stockholm,Sweden,Stockholm,Sweden,Australia competed as Australasia with New Zealand
1920,Antwerp,Belgium,Antwerpen,Belgium,
1924,Paris,France,Paris,France,
1928,Amsterdam,Netherlands,Amsterdam,Netherlands,
1932,Los Angeles,United States,Los Angeles,United States of America,
1936,Berlin,Germany,Berlin,Germany,
1948,London,United Kingdom,London,United Kingdom,
1952,Helsinki,Finland,Helsinki,Finland,
1956,Melbourne,Australia,Melbourne,Australia,Equestrian events were held in Stockholm
1960,Rome,Italy,Rome,Italy,
1964,Tokyo,Japan,Tokyo,Japan,
1968,Mexico City,Mexico,Mexico City,Mexico,
1972,Munich,West Germany,Munich,Germany,
1976,Montreal,Canada,Montreal,Canada,
1980,Moscow,Soviet Union,Moscow,Russia,
1984,Los Angeles,United States,Los Angeles,United States of America,
1988,Seoul,South Korea,Seoul,South Korea,
1992,Barcelona,Spain,Barcelona,Spain,
1996,Atlanta,United States,Atlanta,United States of America,
2000,Sydney,Australia,Sydney,Australia,
2004,Athens,Greece,Athens,Greece,
2008,Beijing,China,Beijing,China,
2012,London,United Kingdom,London,United Kingdom,
2016,Rio de Janeiro,Brazil,Rio de Janeiro,Brazil,
2020,Tokyo,Japan,Tokyo,Japan,Held in 2021 because of COVID-19
2024,Paris,France,Paris,France,
