paris_code,paris_name,birth_date,olympedia_id,olympedia_name,candidates
1939763,PATTERSON Eleanor,1996-05-22,128946.0,Eleanor Patterson,1
1939791,MONTAG Jemima,1998-02-15,140573.0,Jemima Montag,1
1939795,HULL Jessica,1996-10-22,140574.0,Jessica Hull,1
1939824,DENNY Matthew,1996-06-02,132468.0,Matthew Denny,1
1939838,OLYSLAGERS Nicola,1996-12-28,,,0
1939839,KENNEDY Nina,1997-04-05,140580.0,Nina Kennedy,1
1939848,COWLEY Rhydian,1991-01-04,132471.0,Rhydian Cowley,1
1939943,SMITH Alanna,1996-09-10,140587.0,Alanna Smith,1
1939946,ATWELL Amy,1998-06-30,,,0
1939948,GEORGE Cayla,1989-05-01,128960.0,Cayla George,1
1939952,MAGBEGOR Ezi,1999-08-13,140589.0,Ezi Magbegor,1
1939954,BORLASE Isobel,2004-09-12,,,0
1939955,MELBOURNE Jade,2002-08-18,,,0
1939956,WALLACE Kristy,1996-01-03,,,0
1939959,JACKSON Lauren,1981-05-11,82818.0,Lauren Jackson,1
1939964,TOLO Marianna,1989-07-02,128963.0,Marianna Tolo,1
1939967,WHITCOMB Sami,1988-07-20,,,0
1939970,TALBOT Steph,1994-06-15,128965.0,Stephanie Talbot,1
1939971,MADGEN Tess,1990-08-12,140590.0,Tess Madgen,1
1940118,DIEHM Natalya,1997-09-23,140593.0,Natalya Diehm,1
1940127,SAKAKIBARA Saya,1999-08-23,140594.0,Saya Sakakibara,1
1940134,PARKER Caitlin,1996-04-17,2101193.0,Caitlin Parker,1
1940136,SENIOR Charlie,2001-11-20,,,0
1940173,BROWN Grace,1992-07-07,140603.0,Grace Brown,1
1940205,FOX Jessica,1994-06-11,123753.0,Jess Fox,1
1940209,FOX Noemie,1997-03-19,,,0
1940217,COLLINS Jackson,1998-11-05,,,0
1940218,van der WESTHUYZEN Jean,1998-12-09,140744.0,Jean van der Westhuyzen,1
1940220,HAVARD Noah,2000-10-11,,,0
1940221,van der WESTHUYZEN Pierre,2003-08-18,,,0
1940222,FITZSIMMONS Riley,1996-07-27,132491.0,Riley Fitzsimmons,1
1940223,GREEN Tom,1999-06-03,140745.0,Tom Green,1
1940253,LEAHY Conor,1999-04-16,,,0
1940256,MORIARTY James,2001-06-07,,,0
1940258,O'BRIEN Kelland,1998-05-22,140748.0,Kelland O'Brien,1
1940260,HOFFMAN Leigh,2000-06-11,,,0
1940262,GLAETZER Matthew,1992-08-24,123782.0,Matthew Glaetzer,1
1940263,RICHARDSON Matthew,1999-04-17,140751.0,Matthew Richardson,1
1940264,BLEDDYN Oliver,2002-01-27,,,0
1940265,WELSFORD Sam,1996-01-19,132500.0,Sam Welsford,1
1940267,CORNISH Thomas,2000-02-15,,,0
1940414,KEENEY Maddison,1996-05-23,128983.0,Maddison Keeney,1
1940438,BURTON Christopher,1981-11-22,125685.0,Christopher Burton,1
1945588,JOHNSON Moesha,1997-09-19,,,0
1945644,McINTYRE Annabelle,1996-09-12,140642.0,Annabelle McIntyre,1
1945670,MORRISON Jess,1992-05-18,129043.0,Jessica Morrison,1
1945982,MORRIS Grae,2003-10-16,,,0
1945990,WEARN Matt,1995-09-30,140820.0,Matthew Wearn,1
1946064,TREW Arisa,2010-05-12,,,0
1946074,PALMER Keegan,2003-03-13,140825.0,Keegan Palmer,1
1946129,ROBINSON Jack,1997-12-27,,,0
1946146,PERKINS Alexandria,2000-07-27,,,0
1946150,TITMUS Ariarne,2000-09-07,140687.0,Ariarne Titmus,1
1946157,THROSSELL Brianna,1996-02-10,129059.0,Brianna Throssell,1
1946159,CAMPBELL Bronte,1994-05-14,126183.0,Bronte Campbell,1
1946161,McEVOY Cameron,1994-05-13,126186.0,Cameron McEvoy,1
1946172,WINNINGTON Elijah,2000-05-05,140832.0,Elijah Winnington,1
1946174,RAMSAY Ella,2004-07-12,,,0
1946177,McKEON Emma,1994-05-24,129061.0,Emma McKeon,1
1946179,SOUTHAM Flynn,2005-06-05,,,0
1946183,ANDERSON Iona,2005-10-03,,,0
1946185,STUBBLETY-COOK Zac,1999-01-04,140834.0,Zac Stubblety-Cook,1
1946186,CARTWRIGHT Jack,1998-09-22,,,0
1946188,PERKINS Jamie,2005-01-19,,,0
1946190,STRAUCH Jenna,1997-03-24,140688.0,Jenna Strauch,1
1946195,YONG Joshua,2001-07-24,,,0
1946196,TAYLOR Kai,2003-08-18,,,0
1946198,McKEOWN Kaylee,2001-07-12,2504470.0,Kaylee McKeown,1
1946200,CHALMERS Kyle,1998-06-25,132557.0,Kyle Chalmers,1
1946201,PALLISTER Lani,2002-06-06,,,0
1946209,TEMPLE Matthew,1999-06-20,140836.0,Matthew Temple,1
1946211,GIULIANI Maximillian,2003-07-03,,,0
1946212,HARRIS Meg,2002-03-07,140693.0,Meg Harris,1
1946218,O'CALLAGHAN Mollie,2004-04-02,140694.0,Mollie O'Callaghan,1
1946221,WUNSCH Olivia,2006-05-31,,,0
1946227,JACK Shayna,1998-11-06,,,0
1946231,NEILL Thomas,2002-06-09,140839.0,Thomas Neill,1
1946235,YANG William,1998-10-11,,,0
1946237,INCERTI Zac,1996-07-13,140841.0,Zac Incerti,1
1947497,ANDREWS Abby,2000-11-28,140704.0,Abby Andrews,1
1947498,WILLIAMS Alice,1998-12-24,,,0
1947506,HALLIGAN Bronte,1996-08-12,140706.0,Bronte Halligan,1
1947508,ANDREWS Charlize,2001-12-26,,,0
1947512,JACKOVICH Danijela,1994-11-04,,,0
1947513,ARMIT Elle,1991-08-20,140707.0,Elle Armit,1
1947514,PALM Gabriella,1998-05-20,140708.0,Gabriella Palm,1
1947515,LONGMAN Genevieve,1995-10-02,,,0
1947523,GOFERS Keesja,1990-03-16,129086.0,Keesja Gofers,1
1947528,KEARNS Tilly,2000-10-02,140710.0,Matilda Kearns,1
1947540,GREEN Sienna,2004-11-01,,,0
1947541,HEARN Sienna,2002-07-16,,,0
1947546,ARANCINI Zoe,1991-07-14,129089.0,Zoe Arancini,1
1967454,SMITH Penny,1995-04-21,140661.0,Penny Smith,1
1967762,PEERS John,1988-07-25,132562.0,John Peers,1
1967767,EBDEN Matthew,1987-11-26,,,0
