discipline,sport_group
Archery,Archery
Athletics,Athletics
Baseball,Baseball
Basketball,Basketball
Beach Volleyball,Beach Volleyball
Boxing,Boxing
Canoe Marathon,Canoeing
Canoe Slalom,Canoeing
Canoe Sprint,Canoeing
Cycling BMX Freestyle,Cycling
Cycling BMX Racing,Cycling
Cycling Road,Cycling
Cycling Track,Cycling
Diving,Diving
Equestrian,Equestrian
Equestrian Eventing,Equestrian
Hockey,Hockey
Judo,Judo
Marathon Swimming,Swimming
Modern Pentathlon,Modern Pentathlon
Rowing,Rowing
Rugby Sevens,Rugby Sevens
Sailing,Sailing
Shooting,Shooting
Skateboarding,Skateboarding
Softball,Softball
Surfing,Surfing
Swimming,Swimming
Taekwondo,Taekwondo
Tennis,Tennis
Trampolining,Trampoline
Triathlon,Triathlon
Water Polo,Water Polo
Weightlifting,Weightlifting
Wrestling,Wrestling
