year,gender,medal,medals
1896,Men,Gold,2
1900,Men,Bronze,3
1920,Men,Bronze,1
1920,Men,Silver,2
1924,Men,Bronze,2
1924,Men,Gold,3
1924,Men,Silver,1
1928,Men,Bronze,1
1928,Men,Gold,1
1928,Men,Silver,2
1932,Men,Bronze,1
1932,Men,Gold,2
1932,Women,Gold,1
1932,Women,Silver,1
1936,Men,Bronze,1
1948,Men,Bronze,2
1948,Men,Gold,2
1948,Men,Silver,4
1948,Women,Bronze,3
1948,Women,Silver,2
1952,Men,Bronze,2
1952,Men,Gold,3
1952,Men,Silver,2
1952,Women,Bronze,1
1952,Women,Gold,3
1956,Men,Bronze,9
1956,Men,Gold,6
1956,Men,Silver,5
1956,Open,Bronze,1
1956,Open,Silver,1
1956,Women,Bronze,4
1956,Women,Gold,7
1956,Women,Silver,2
1960,Men,Bronze,5
1960,Men,Gold,7
1960,Men,Silver,5
1960,Women,Bronze,1
1960,Women,Gold,1
1960,Women,Silver,3
1964,Men,Bronze,7
1964,Men,Gold,3
1964,Open,Gold,1
1964,Women,Bronze,3
1964,Women,Gold,2
1964,Women,Silver,2
1968,Men,Bronze,2
1968,Men,Gold,3
1968,Men,Silver,4
1968,Open,Bronze,1
1968,Women,Bronze,2
1968,Women,Gold,2
1968,Women,Silver,3
1972,Men,Gold,1
1972,Men,Silver,4
1972,Open,Gold,2
1972,Women,Bronze,2
1972,Women,Gold,5
1972,Women,Silver,3
1976,Men,Bronze,1
1976,Men,Silver,1
1976,Open,Bronze,3
1980,Men,Bronze,4
1980,Men,Gold,1
1980,Men,Silver,2
1980,Women,Bronze,1
1980,Women,Gold,1
1984,Men,Bronze,7
1984,Men,Gold,3
1984,Men,Silver,6
1984,Open,Bronze,1
1984,Women,Bronze,4
1984,Women,Gold,1
1984,Women,Silver,2
1988,Men,Bronze,3
1988,Men,Gold,1
1988,Men,Silver,5
1988,Women,Bronze,2
1988,Women,Gold,2
1988,Women,Silver,1
1992,Men,Bronze,4
1992,Men,Gold,4
1992,Men,Silver,6
1992,Open,Bronze,1
1992,Open,Gold,2
1992,Women,Bronze,6
1992,Women,Gold,1
1992,Women,Silver,3
1996,Men,Bronze,13
1996,Men,Gold,5
1996,Men,Silver,3
1996,Open,Bronze,1
1996,Open,Gold,1
1996,Open,Silver,1
1996,Women,Bronze,9
1996,Women,Gold,3
1996,Women,Silver,5
2000,Men,Bronze,10
2000,Men,Gold,8
2000,Men,Silver,14
2000,Open,Bronze,1
2000,Open,Gold,1
2000,Open,Silver,2
2000,Women,Bronze,6
2000,Women,Gold,7
2000,Women,Silver,9
2004,Men,Bronze,9
2004,Men,Gold,9
2004,Men,Silver,9
2004,Women,Bronze,8
2004,Women,Gold,8
2004,Women,Silver,7
2008,Men,Bronze,9
2008,Men,Gold,6
2008,Men,Silver,6
2008,Open,Silver,2
2008,Women,Bronze,8
2008,Women,Gold,8
2008,Women,Silver,7
2012,Men,Bronze,4
2012,Men,Gold,5
2012,Men,Silver,6
2012,Women,Bronze,8
2012,Women,Gold,3
2012,Women,Silver,9
2016,Men,Bronze,5
2016,Men,Gold,3
2016,Men,Silver,7
2016,Mixed,Silver,1
2016,Open,Bronze,1
2016,Women,Bronze,4
2016,Women,Gold,5
2016,Women,Silver,3
2020,Men,Bronze,10
2020,Men,Gold,7
2020,Men,Silver,3
2020,Mixed,Bronze,2
2020,Open,Bronze,1
2020,Open,Silver,1
2020,Women,Bronze,9
2020,Women,Gold,10
2020,Women,Silver,3
2024,Men,Bronze,6
2024,Men,Gold,5
2024,Men,Silver,9
2024,Mixed,Bronze,2
2024,Open,Silver,1
2024,Women,Bronze,8
2024,Women,Gold,13
2024,Women,Silver,9
