season,year,gold,silver,bronze,total,rank
Summer,1896,2,0,0,2,8.0
Summer,1900,0,0,3,3,18.0
Summer,1904,0,0,0,0,
Summer,1920,0,2,1,3,16.0
Summer,1924,3,1,2,6,11.0
Summer,1928,1,2,1,4,20.0
Summer,1932,3,1,1,5,11.0
Summer,1936,0,0,1,1,30.0
Summer,1948,2,6,5,13,14.0
Summer,1952,6,2,3,11,9.0
Summer,1956,13,8,14,35,3.0
Summer,1960,8,8,6,22,5.0
Summer,1964,6,2,10,18,8.0
Summer,1968,5,7,5,17,9.0
Summer,1972,8,7,2,17,6.0
Summer,1976,0,1,4,5,32.0
Summer,1980,2,2,5,9,15.0
Summer,1984,4,8,12,24,14.0
Summer,1988,3,6,5,14,15.0
Summer,1992,7,9,11,27,10.0
Summer,1996,9,9,23,41,7.0
Summer,2000,16,25,17,58,4.0
Summer,2004,17,16,17,50,4.0
Summer,2008,14,15,17,46,6.0
Summer,2012,8,15,12,35,8.0
Summer,2016,8,11,10,29,10.0
Summer,2020,17,7,22,46,6.0
Summer,2024,18,19,16,53,4.0
Winter,1924,0,0,0,0,
Winter,1936,0,0,0,0,
Winter,1952,0,0,0,0,
Winter,1956,0,0,0,0,
Winter,1960,0,0,0,0,
Winter,1964,0,0,0,0,
Winter,1968,0,0,0,0,
Winter,1972,0,0,0,0,
Winter,1976,0,0,0,0,
Winter,1980,0,0,0,0,
Winter,1984,0,0,0,0,
Winter,1988,0,0,0,0,
Winter,1992,0,0,0,0,
Winter,1994,0,0,1,1,22.0
Winter,1998,0,0,1,1,22.0
Winter,2002,2,0,0,2,15.0
Winter,2006,1,0,1,2,17.0
Winter,2010,2,1,0,3,13.0
Winter,2014,0,2,1,3,24.0
Winter,2018,0,2,1,3,23.0
Winter,2022,1,2,1,4,18.0
Winter,2026,3,2,1,6,
