ioc,medallists,iso3,country,lat,lon,dest_lat,dest_lon
GBR,15,GBR,UK,54.402739,-2.116346,-24.129522,134.04972
RSA,12,ZAF,South Africa,-29.708776,23.665734,-24.129522,134.04972
NZL,7,NZL,New Zealand,-39.759,172.787,-24.129522,134.04972
USA,6,USA,US,39.538479,-97.482602,-24.129522,134.04972
MAS,3,MYS,Malaysia,2.528667,113.83708,-24.129522,134.04972
IND,3,IND,India,22.686852,79.358105,-24.129522,134.04972
MAW,3,MWI,Malawi,-13.386737,33.608082,-24.129522,134.04972
SGP,3,SGP,Singapore,1.366587,103.816925,-24.129522,134.04972
FRA,2,FRA,France,46.696113,2.552275,-24.129522,134.04972
LAT,2,LVA,Latvia,57.066872,25.458723,-24.129522,134.04972
NED,2,NLD,Netherlands,52.422211,5.61144,-24.129522,134.04972
ROU,1,ROU,Romania,45.733237,24.972624,-24.129522,134.04972
MYA,1,MMR,Myanmar,21.573855,95.804497,-24.129522,134.04972
HUN,1,HUN,Hungary,47.086841,19.447867,-24.129522,134.04972
GER,1,DEU,Germany,50.961733,9.678348,-24.129522,134.04972
ISR,1,ISR,Israel,30.911148,34.847915,-24.129522,134.04972
POL,1,POL,Poland,51.990316,19.490468,-24.129522,134.04972
RUS,1,RUS,Russia,58.249357,44.686469,-24.129522,134.04972
BUL,1,BGR,Bulgaria,42.508785,25.15709,-24.129522,134.04972
JPN,1,JPN,Japan,36.142538,138.44217,-24.129522,134.04972
SSD,1,SSD,South Sudan,7.230477,30.390151,-24.129522,134.04972
EGY,1,EGY,Egypt,26.186173,29.445837,-24.129522,134.04972
ZIM,1,ZWE,Zimbabwe,-18.91164,29.925444,-24.129522,134.04972
SOL,1,SLB,Solomon Islands,-8.029548,159.170468,-24.129522,134.04972
HKG,1,HKG,Hong Kong,22.448829,114.097769,-24.129522,134.04972
IRL,1,IRL,Ireland,53.078726,-7.798588,-24.129522,134.04972
FIJ,1,FJI,Fiji,-17.826099,177.975427,-24.129522,134.04972
PNG,1,PNG,Papua New Guinea,-5.695285,143.910216,-24.129522,134.04972
PER,1,PER,Peru,-12.976679,-72.90016,-24.129522,134.04972
BRU,1,BRN,Brunei,4.448298,114.551943,-24.129522,134.04972
