noc,country,iso3,iso_n3,gold,silver,bronze,total,population_2024,medals_per_million
USA,United States,USA,840,40,44,42,126,340003797.0,0.37
CHN,China,CHN,156,40,27,24,91,1408975000.0,0.06
JPN,Japan,JPN,392,20,12,13,45,123975371.0,0.36
AUS,Australia,AUS,036,18,19,16,53,27194286.0,1.95
FRA,France,FRA,250,16,26,22,64,68551653.0,0.93
NED,Netherlands,NLD,528,15,7,12,34,17993485.0,1.89
GBR,Great Britain,GBR,826,14,22,29,65,69281000.0,0.94
KOR,Korea,KOR,410,13,9,10,32,51751065.0,0.62
ITA,Italy,ITA,380,12,13,15,40,58952704.0,0.68
GER,Germany,DEU,276,12,13,8,33,83516593.0,0.4
NZL,New Zealand,NZL,554,10,7,3,20,5290000.0,3.78
CAN,Canada,CAN,124,9,7,11,27,41262329.0,0.65
UZB,Uzbekistan,UZB,860,8,2,3,13,36361859.0,0.36
HUN,Hungary,HUN,348,6,7,6,19,9562065.0,1.99
ESP,Spain,ESP,724,5,4,9,18,48848840.0,0.37
SWE,Sweden,SWE,752,4,4,3,11,10569709.0,1.04
KEN,Kenya,KEN,404,4,2,5,11,56432944.0,0.19
NOR,Norway,NOR,578,4,1,3,8,5572279.0,1.44
IRL,Ireland,IRL,372,4,0,3,7,5395790.0,1.3
BRA,Brazil,BRA,076,3,7,10,20,211998573.0,0.09
IRI,IR Iran,IRN,364,3,6,3,12,91567738.0,0.13
UKR,Ukraine,UKR,804,3,5,4,12,37860221.0,0.32
ROU,Romania,ROU,642,3,4,2,9,19051804.0,0.47
GEO,Georgia,GEO,268,3,3,1,7,3812518.0,1.84
BEL,Belgium,BEL,056,3,1,6,10,11858610.0,0.84
BUL,Bulgaria,BGR,100,3,1,3,7,6441421.0,1.09
SRB,Serbia,SRB,688,3,1,1,5,6586476.0,0.76
CZE,Czechia,CZE,203,3,0,2,5,10905028.0,0.46
DEN,Denmark,DNK,208,2,2,5,9,5976992.0,1.51
AZE,Azerbaijan,AZE,031,2,2,3,7,10202830.0,0.69
CRO,Croatia,HRV,191,2,2,3,7,3866200.0,1.81
CUB,Cuba,CUB,192,2,1,6,9,10979783.0,0.82
BRN,Bahrain,BHR,048,2,1,1,4,1588670.0,2.52
SLO,Slovenia,SVN,705,2,1,0,3,2127400.0,1.41
TPE,Chinese Taipei,TWN,158,2,0,5,7,,
AUT,Austria,AUT,040,2,0,3,5,9177982.0,0.54
HKG,"Hong Kong, China",HKG,344,2,0,2,4,7524100.0,0.53
PHI,Philippines,PHL,608,2,0,2,4,115843670.0,0.03
ALG,Algeria,DZA,012,2,0,1,3,46814308.0,0.06
INA,Indonesia,IDN,360,2,0,0,2,283487931.0,0.01
ISR,Israel,ISR,376,1,5,1,7,10002200.0,0.7
POL,Poland,POL,616,1,4,5,10,36559233.0,0.27
KAZ,Kazakhstan,KAZ,398,1,3,3,7,20592571.0,0.34
JAM,Jamaica,JAM,388,1,3,2,6,2839175.0,2.11
RSA,South Africa,ZAF,710,1,3,2,6,64007187.0,0.09
THA,Thailand,THA,764,1,3,2,6,71668011.0,0.08
AIN,AIN,,,1,3,1,5,,
ETH,Ethiopia,ETH,231,1,3,0,4,132059767.0,0.03
SUI,Switzerland,CHE,756,1,2,5,8,9005582.0,0.89
ECU,Ecuador,ECU,218,1,2,2,5,18135478.0,0.28
POR,Portugal,PRT,620,1,2,1,4,10694681.0,0.37
GRE,Greece,GRC,300,1,1,6,8,10405134.0,0.77
ARG,Argentina,ARG,032,1,1,1,3,45696159.0,0.07
EGY,Egypt,EGY,818,1,1,1,3,116538258.0,0.03
TUN,Tunisia,TUN,788,1,1,1,3,12277109.0,0.24
BOT,Botswana,BWA,072,1,1,0,2,2521139.0,0.79
CHI,Chile,CHL,152,1,1,0,2,19764771.0,0.1
LCA,Saint Lucia,LCA,662,1,1,0,2,179744.0,11.13
UGA,Uganda,UGA,800,1,1,0,2,50015092.0,0.04
DOM,Dominican Republic,DOM,214,1,0,2,3,11427557.0,0.26
GUA,Guatemala,GTM,320,1,0,1,2,18406359.0,0.11
MAR,Morocco,MAR,504,1,0,1,2,38081173.0,0.05
DMA,Dominica,DMA,212,1,0,0,1,66205.0,15.1
PAK,Pakistan,PAK,586,1,0,0,1,251269164.0,0.0
TUR,Türkiye,TUR,792,0,3,5,8,85518661.0,0.09
MEX,Mexico,MEX,484,0,3,2,5,130861007.0,0.04
ARM,Armenia,ARM,051,0,3,1,4,3033500.0,1.32
COL,Colombia,COL,170,0,3,1,4,52886363.0,0.08
PRK,DPR Korea,PRK,408,0,2,4,6,26498823.0,0.23
KGZ,Kyrgyzstan,KGZ,417,0,2,4,6,7221868.0,0.83
LTU,Lithuania,LTU,440,0,2,2,4,2888278.0,1.38
IND,India,IND,356,0,1,5,6,1450935791.0,0.0
MDA,Republic of Moldova,MDA,498,0,1,3,4,2402306.0,1.67
KOS,Kosovo,XKX,XKX,0,1,1,2,1594353.0,1.25
CYP,Cyprus,CYP,196,0,1,0,1,1358282.0,0.74
FIJ,Fiji,FJI,242,0,1,0,1,928784.0,1.08
JOR,Jordan,JOR,400,0,1,0,1,11552876.0,0.09
MGL,Mongolia,MNG,496,0,1,0,1,3524788.0,0.28
PAN,Panama,PAN,591,0,1,0,1,4515577.0,0.22
TJK,Tajikistan,TJK,762,0,0,3,3,10590927.0,0.28
ALB,Albania,ALB,008,0,0,2,2,2377128.0,0.84
GRN,Grenada,GRD,308,0,0,2,2,117207.0,17.06
MAS,Malaysia,MYS,458,0,0,2,2,35557673.0,0.06
PUR,Puerto Rico,PRI,630,0,0,2,2,3202521.0,0.62
CPV,Cabo Verde,CPV,132,0,0,1,1,524877.0,1.91
CIV,Côte d'Ivoire,CIV,384,0,0,1,1,31934230.0,0.03
EOR,EOR,,,0,0,1,1,,
PER,Peru,PER,604,0,0,1,1,34217848.0,0.03
QAT,Qatar,QAT,634,0,0,1,1,2857822.0,0.35
SGP,Singapore,SGP,702,0,0,1,1,6036860.0,0.17
SVK,Slovakia,SVK,703,0,0,1,1,5422069.0,0.18
ZAM,Zambia,ZMB,894,0,0,1,1,21314956.0,0.05
