name,sex,gold,silver,bronze,total,first_year,last_year,disciplines
Emma McKeon,Female,6,3,5,14,2016,2024,Swimming
Ian Thorpe,Male,5,3,1,9,2000,2004,Swimming
Kaylee McKeown,Female,5,1,3,9,2020,2024,Swimming
Mollie O'Callaghan,Female,5,1,2,8,2020,2024,Swimming
Dawn Fraser,Female,4,4,0,8,1956,1964,Swimming
Ariarne Titmus,Female,4,3,1,8,2020,2024,Swimming
Cate Campbell,Female,4,1,3,8,2008,2020,Swimming
Libby Lenton-Trickett,Female,4,1,2,7,2004,2012,Swimming
Murray Rose,Male,4,1,1,6,1956,1960,Swimming
Betty Cuthbert,Female,4,0,0,4,1956,1964,Athletics
Leisel Jones,Female,3,5,1,9,2000,2012,Swimming
Petria Thomas,Female,3,4,1,8,1996,2004,Swimming
Grant Hackett,Male,3,3,1,7,2000,2008,Swimming
Emily Seebohm,Female,3,3,1,7,2008,2020,Swimming
Shirley Strickland de la Hunty,Female,3,1,3,7,1948,1956,Athletics
Andrew Hoy,Male,3,2,1,6,1992,2020,Equestrian Eventing
Jess Fox,Female,3,1,2,6,2012,2024,Canoe Slalom
Shane Gould,Female,3,1,1,5,1972,1972,Swimming
Drew Ginn,Male,3,1,0,4,1996,2012,Rowing
James Tomkins,Male,3,0,1,4,1992,2004,Rowing
Bronte Campbell,Female,3,0,1,4,2016,2024,Swimming
Matt Ryan,Male,3,0,0,3,1992,2000,Equestrian Eventing
Rechelle Hawkes,Female,3,0,0,3,1988,2000,Hockey
Jodie Henry,Female,3,0,0,3,2004,2004,Swimming
Steph Rice,Female,3,0,0,3,2008,2008,Swimming
Susie O'Neill,Female,2,4,2,8,1992,2000,Swimming
Michael Klim,Male,2,3,1,6,1996,2004,Swimming
Anna Meares,Female,2,1,3,6,2004,2016,Cycling Track
Brittany Elmslie,Female,2,3,0,5,2012,2016,Swimming
Mel Schlanger,Female,2,2,1,5,2008,2012,Swimming
